scanned,platform,account,url,upload_date,views,likes,comments,duration_s,wpm,hook_has_number,hook_is_question,cta,structure,comments_per_1k,hook_excerpt
2026-10-07,TikTok,sabrina_ramonov,https://www.tiktok.com/@sabrina_ramonov/video/7693210171316784397,20261005,434400,33600,2713,60,226,True,False,comment-keyword|comment|follow,list/countdown|tutorial|news/claim,6.2,"10 secret codes for chat, UBT and Muse. Number one, make visual study guide. When you type this,"
2026-10-07,TikTok,zaindevx_,https://www.tiktok.com/@zaindevx_/video/7685703638597111060,20260915,24500,1089,141,23,188,True,False,comment-keyword|comment,,5.8,This GitHub repo is a gold mine for AI developers. It has 230 plus specialized
2026-10-07,TikTok,zaindevx_,https://www.tiktok.com/@zaindevx_/video/7682360493658426631,20260906,8319,216,4,28,225,False,False,comment-keyword|comment,tutorial,0.5,"If you go to the Extensions tab and search for the ""Copy for AI"" extension,"
2026-10-07,TikTok,remy_engineering,https://www.tiktok.com/@remy_engineering/video/7689118805833829665,20260924,378000,40400,224,61,162,False,False,,tutorial,0.6,"If tomorrow your entire country suddenly lost access to the internet,"
2026-10-07,TikTok,remy_engineering,https://www.tiktok.com/@remy_engineering/video/7692826401531120928,20261004,242500,25000,190,89,153,False,False,,,0.8,"You need to be careful. I found another part of the internet you probably weren't supposed to see,"
2026-10-07,TikTok,github.signals,https://www.tiktok.com/@github.signals/video/7693404976885861640,20261006,59100,3804,31,40,168,True,False,,,0.5,MeshAvatarStudio transforms a single static illustration into a fully animated 2D character
2026-10-07,TikTok,github.signals,https://www.tiktok.com/@github.signals/video/7693347312197799220,20261006,23400,914,15,41,176,True,False,,,0.6,"Run PlayStation 5 games directly on your Windows, Linux, or Mac computer without needing the actual console hardware."
2026-10-07,TikTok,will.ai.m,https://www.tiktok.com/@will.ai.m/video/7692493496741006605,20261003,32000,406,52,133,47,False,False,,,1.6,(upbeat music)
2026-10-07,TikTok,will.ai.m,https://www.tiktok.com/@will.ai.m/video/7693633414003494157,20261006,10500,218,0,63,11,False,False,,,0.0,[MUSIC]
2026-10-07,Youtube,Matt Wolfe,https://www.youtube.com/shorts/SUtGm-nr4Hk,20260924,15914,351,15,88,185,True,False,,list/countdown|news/claim,0.9,Here are five new ways to use the new version of Chat GPT's new features.
2026-10-07,Youtube,Matt Wolfe,https://www.youtube.com/shorts/rcUTZysF9s4,20260921,14920,371,58,67,173,False,False,,,3.9,"This is the weirdest thing I saw this week. A California-based company built a robot that looks super creepy, on …"
