type,handle,url,tabs,focus,why_follow,priority,language,added,status
tiktok,dr_cintas,https://www.tiktok.com/@dr_cintas,,AI repos + tools explainers,high saves (bookmark-worthy utility); repo picks,daily,en,2026-10-07,active
tiktok,github.signals,https://www.tiktok.com/@github.signals,,daily open-source repo drops,direct 'X transforms Y' hooks; ~40 s format,daily,en,2026-10-07,active
tiktok,github.awesome,https://www.tiktok.com/@github.awesome,,daily trending GitHub repos (also YT: Github Awesome),fastest repo discovery; 22 s format,daily,en,2026-10-07,active
tiktok,ai_vanta_ai,https://www.tiktok.com/@ai_vanta_ai,,AI tools / free alternatives,viral outliers (774K); 6+ cuts per 10 s,daily,en,2026-10-07,active
tiktok,skip_ci,https://www.tiktok.com/@skip_ci,,dev tools + repos,dev-focused picks,weekly,en,2026-10-07,active
tiktok,m_ai_academy,https://www.tiktok.com/@m_ai_academy,,"AI tools, ultra-short (20 s)","compression: one tool, one benefit",weekly,en,2026-10-07,active
tiktok,wellx.tech,https://www.tiktok.com/@wellx.tech,,consumer tech / AI apps,mass reach (5.7M max) but low saves: reach-format reference,weekly,en,2026-10-07,active
tiktok,sebintel,https://www.tiktok.com/@sebintel,,AI tools + news,comment-driving CTAs (3.2 comments/1k),daily,en,2026-10-07,active
tiktok,beyondtahir,https://www.tiktok.com/@beyondtahir,,"AI tools, personality-led (66 s)","highest likes + comments; talking head, 1.5 cuts/10 s",weekly,ur/hi,2026-10-07,active
tiktok,sabrina_ramonov,https://www.tiktok.com/@sabrina_ramonov,,AI tools lists + prompts,434K list video; 226 wpm; keyword CTA,weekly,en,2026-10-07,active
tiktok,remy_engineering,https://www.tiktok.com/@remy_engineering,,self-hosted / open-source finds,stakes hooks; humour (avoid its piracy topics),weekly,en,2026-10-07,active
tiktok,zaindevx_,https://www.tiktok.com/@zaindevx_,,GitHub 'gold mine' repos,keyword CTA in 23 s,daily,en,2026-10-07,active
youtube,mreflow,https://www.youtube.com/@mreflow,shorts,Matt Wolfe: AI news + tools,credible weekly tool coverage,daily,en,2026-10-07,active
youtube,GithubAwesome,https://www.youtube.com/@GithubAwesome,shorts,daily trending repos,mirrors TikTok @github.awesome,daily,en,2026-10-07,active
youtube,matthew_berman,https://www.youtube.com/@matthew_berman,shorts,AI models + agents,fast model/tool coverage (also covered game mashups),daily,en,2026-10-07,active
youtube,intheworldofai,https://www.youtube.com/@intheworldofai,shorts,WorldofAI: AI coding tools,tool demos,daily,en,2026-10-07,active
youtube,WesRoth,https://www.youtube.com/@WesRoth,shorts,AI news,viral AI-news shorts (5.3M),weekly,en,2026-10-07,active
youtube,Fireship,https://www.youtube.com/@Fireship,shorts,"dev news, humour",best-in-class pacing and scripting,weekly,en,2026-10-07,active
youtube,futurepedia_io,https://www.youtube.com/@futurepedia_io,shorts,AI tool tutorials,clear how-to framing,weekly,en,2026-10-07,active
youtube,aiadvantage,https://www.youtube.com/@aiadvantage,shorts,practical AI workflows,use-case framing,weekly,en,2026-10-07,active
youtube,airevolutionx,https://www.youtube.com/@airevolutionx,shorts,AI news / hardware,news angles,weekly,en,2026-10-07,active
youtube,danmartell,https://www.youtube.com/@danmartell,"shorts,videos",business storytelling (Dan Martell),hook + narrative craft; huge long-form reach,weekly,en,2026-10-07,active
youtube,malvaAI,https://www.youtube.com/@malvaAI,"shorts,videos",free / unlimited AI tool alternatives,'paid AI now free' angle: 110K shorts median (verify every claim),daily,en,2026-10-07,active
youtube,vaibhavsisinty,https://www.youtube.com/@vaibhavsisinty,"shorts,videos",AI news + tools (India),South Asian AI audience; 105K long-form median,daily,en,2026-10-07,active
youtube,Yourivanhofwegen,https://www.youtube.com/@Yourivanhofwegen,videos,AI video generator tests,'I tested everything' format; video-gen releases,daily,en,2026-10-07,active
youtube,AbhayPSRajawat,https://www.youtube.com/@AbhayPSRajawat,"shorts,videos",AI tools tested (India),'tested 50+ AI tools' angle; 65K shorts median,daily,en,2026-10-07,active
rss,github-trending-daily,https://mshibanami.github.io/GitHubTrendingRSS/daily/all.xml,,GitHub trending repos (daily),repos before creators cover them,daily,en,2026-10-07,active
rss,producthunt,https://www.producthunt.com/feed,,new product launches,new AI tools on launch day,daily,en,2026-10-07,active
rss,huggingface-blog,https://huggingface.co/blog/feed.xml,,model/tool releases,official open-model launches,weekly,en,2026-10-07,active
rss,reddit-localllama,https://www.reddit.com/r/LocalLLaMA/top/.rss?t=day,,open/local model releases,model releases + community traction,daily,en,2026-10-07,active
youtube,beyondtahir-yt,https://www.youtube.com/@beyondtahir,videos,AI tools long-form (Urdu/Hindi creator),South Asian AI audience; tested tool deep dives,daily,ur/hi,2026-10-07,active
rss,reddit-stablediffusion,https://www.reddit.com/r/StableDiffusion/top/.rss?t=day,,free image/video generators,open image/video gen tools + workflows,daily,en,2026-10-07,active
