platform,handle,url,focus,why_follow,priority,median_views_last30,saves_per_1k,added,status
tiktok,dr_cintas,https://www.tiktok.com/@dr_cintas,AI repos + tools explainers,high saves (bookmark-worthy utility); repo picks,daily feed,3003,42.4,2026-10-07,active
tiktok,github.signals,https://www.tiktok.com/@github.signals,daily open-source repo drops,direct 'X transforms Y' hooks; ~40 s format,daily feed,7099,33.2,2026-10-07,active
tiktok,github.awesome,https://www.tiktok.com/@github.awesome,daily trending GitHub repos (also YT: Github Awesome),fastest repo discovery; 22 s format,daily feed,6137,41.4,2026-10-07,active
tiktok,ai_vanta_ai,https://www.tiktok.com/@ai_vanta_ai,AI tools / free alternatives,viral outliers (774K); 6+ cuts per 10 s,daily feed,1969,28.5,2026-10-07,active
tiktok,skip_ci,https://www.tiktok.com/@skip_ci,dev tools + repos,dev-focused picks,weekly study,908,30.9,2026-10-07,active
tiktok,m_ai_academy,https://www.tiktok.com/@m_ai_academy,"AI tools, ultra-short (20 s)","compression: one tool, one benefit",weekly study,2081,26.7,2026-10-07,active
tiktok,wellx.tech,https://www.tiktok.com/@wellx.tech,consumer tech / AI apps,mass reach (5.7M max) but low saves: reach-format reference,weekly study,16600,1.7,2026-10-07,active
tiktok,sebintel,https://www.tiktok.com/@sebintel,AI tools + news,comment-driving CTAs (3.2 comments/1k),daily feed,2312,15.8,2026-10-07,active
tiktok,beyondtahir,https://www.tiktok.com/@beyondtahir,"AI tools, personality-led (66 s)","highest likes + comments; talking head, 1.5 cuts/10 s",weekly study,17200,29.7,2026-10-07,active
tiktok,sabrina_ramonov,https://www.tiktok.com/@sabrina_ramonov,AI tools lists + prompts,434K list video; 226 wpm; keyword CTA,weekly study,,,2026-10-07,active
tiktok,remy_engineering,https://www.tiktok.com/@remy_engineering,self-hosted / open-source finds,stakes hooks; humour (avoid its piracy topics),weekly study,,,2026-10-07,active
tiktok,zaindevx_,https://www.tiktok.com/@zaindevx_,GitHub 'gold mine' repos,keyword CTA in 23 s,daily feed,,,2026-10-07,active
youtube,mreflow,https://www.youtube.com/@mreflow/shorts,Matt Wolfe: AI news + tools,credible weekly tool coverage,daily feed,,,2026-10-07,active
youtube,GithubAwesome,https://www.youtube.com/@GithubAwesome/shorts,daily trending repos,mirrors TikTok @github.awesome,daily feed,,,2026-10-07,active
youtube,matthew_berman,https://www.youtube.com/@matthew_berman/shorts,AI models + agents,fast model/tool coverage (also covered game mashups),daily feed,,,2026-10-07,active
youtube,intheworldofai,https://www.youtube.com/@intheworldofai/shorts,WorldofAI: AI coding tools,tool demos,daily feed,,,2026-10-07,active
youtube,WesRoth,https://www.youtube.com/@WesRoth/shorts,AI news,viral AI-news shorts (5.3M),weekly study,,,2026-10-07,active
youtube,Fireship,https://www.youtube.com/@Fireship/shorts,"dev news, humour",best-in-class pacing and scripting,weekly study,,,2026-10-07,active
youtube,futurepedia_io,https://www.youtube.com/@futurepedia_io/shorts,AI tool tutorials,clear how-to framing,weekly study,,,2026-10-07,active
youtube,aiadvantage,https://www.youtube.com/@aiadvantage/shorts,practical AI workflows,use-case framing,weekly study,,,2026-10-07,active
youtube,airevolutionx,https://www.youtube.com/@airevolutionx/shorts,AI news / hardware,news angles,weekly study,,,2026-10-07,active
